x1,y1,x2,y2,confidence,class_id,class_name
514.2035,196.35825,588.3036,288.39026,0.87369394,0.0,bicycle
544.1129,210.97,609.71936,296.43686,0.58289444,0.0,bicycle
582.2919,227.9443,637.7112,302.6476,0.5459562,0.0,bicycle
555.4854,217.1751,616.0981,297.66998,0.51926976,0.0,bicycle
562.19055,353.56934,611.65625,432.7245,0.49788147,0.0,bicycle
571.4998,223.36156,627.2691,299.6283,0.4924915,0.0,bicycle
548.38403,353.6228,596.7866,434.7721,0.4919379,0.0,bicycle
475.93835,373.96112,533.95636,470.01886,0.41704962,0.0,bicycle
450.63177,379.47894,511.98505,473.88654,0.3421239,0.0,bicycle
