x1,y1,x2,y2,confidence,class_id,class_name
233.08263,369.7176,302.67957,485.7635,0.78584987,0.0,bicycle
463.82532,232.94844,547.2035,333.4306,0.72800124,0.0,bicycle
405.62006,166.09244,478.07513,275.76724,0.70899653,0.0,bicycle
220.93811,151.56778,285.5582,280.97995,0.6429485,0.0,bicycle
570.60565,355.35608,630.5942,431.25244,0.6420787,0.0,bicycle
388.09375,366.79236,454.1875,504.4911,0.6239911,0.0,bicycle
334.77155,370.38422,399.37946,510.87225,0.48791322,0.0,bicycle
82.612686,287.51102,155.02113,396.24948,0.36782053,0.0,bicycle
