x1,y1,x2,y2,confidence,class_id,class_name
500.52625,196.17258,591.4778,294.24228,0.65641904,0.0,bicycle
566.28625,354.20636,619.5773,431.23102,0.4759602,0.0,bicycle
474.76373,372.23987,538.2469,473.42993,0.3926054,0.0,bicycle
554.1069,355.05023,605.9257,434.2558,0.37779838,0.0,bicycle
589.3905,351.96042,634.8948,427.7595,0.28457922,0.0,bicycle
