x1,y1,x2,y2,confidence,class_id,class_name
501.0,196.0,586.0,292.0,0.622459352016449,0,bicycle
554.0,355.0,605.0,433.0,0.32082128524780273,0,bicycle
565.0,354.0,619.0,430.0,0.29421496391296387,0,bicycle
476.0,371.0,538.0,472.0,0.2689414322376251,0,bicycle
