x1,y1,x2,y2,confidence,class_id,class_name
513.0,197.0,589.0,290.0,0.7549149990081787,0,bicycle
545.0,213.0,607.0,293.0,0.3486451208591461,0,bicycle
570.0,222.0,625.0,294.0,0.32082128524780273,0,bicycle
581.0,229.0,636.0,299.0,0.32082128524780273,0,bicycle
547.0,354.0,597.0,434.0,0.29421496391296387,0,bicycle
561.0,354.0,612.0,432.0,0.29421496391296387,0,bicycle
