x1,y1,x2,y2,confidence,class_id,class_name
406.0,163.0,478.0,277.0,0.7310585975646973,0,bicycle
232.0,370.0,302.0,485.0,0.7057850360870361,0,bicycle
465.0,233.0,548.0,335.0,0.531209409236908,0,bicycle
572.0,355.0,632.0,429.0,0.43782350420951843,0,bicycle
332.0,371.0,396.0,508.0,0.43782350420951843,0,bicycle
216.0,152.0,283.0,271.0,0.29421496391296387,0,bicycle
