x1,y1,x2,y2,confidence,class_id,class_name
405.0,155.0,496.0,278.0,0.7981867790222168,0,bicycle
408.0,360.0,485.0,477.0,0.7549149990081787,0,bicycle
538.0,206.0,610.0,289.0,0.7057850360870361,0,bicycle
166.0,370.0,240.0,487.0,0.7057850360870361,0,bicycle
243.0,365.0,311.0,495.0,0.622459352016449,0,bicycle
522.0,359.0,598.0,454.0,0.622459352016449,0,bicycle
224.0,137.0,286.0,249.0,0.531209409236908,0,bicycle
369.0,111.0,469.0,188.0,0.5,0,bicycle
471.0,150.0,557.0,214.0,0.4073334038257599,0,bicycle
