x1,y1,x2,y2,confidence,class_id,class_name
516.0,197.0,589.0,290.0,0.7981867790222168,0,bicycle
543.0,213.0,608.0,294.0,0.3775406777858734,0,bicycle
581.0,229.0,637.0,301.0,0.3775406777858734,0,bicycle
570.0,222.0,625.0,295.0,0.32082128524780273,0,bicycle
547.0,355.0,597.0,434.0,0.29421496391296387,0,bicycle
562.0,354.0,612.0,432.0,0.29421496391296387,0,bicycle
478.0,374.0,536.0,470.0,0.2689414322376251,0,bicycle
