x1,y1,x2,y2,confidence,class_id,class_name
419.0,378.0,483.0,493.0,0.8175744414329529,0,bicycle
418.0,153.0,477.0,271.0,0.7981867790222168,0,bicycle
358.0,132.0,414.0,258.0,0.7772998809814453,0,bicycle
360.0,381.0,413.0,501.0,0.7310585975646973,0,bicycle
484.0,376.0,542.0,486.0,0.7057850360870361,0,bicycle
471.0,156.0,534.0,272.0,0.6513549089431763,0,bicycle
516.0,170.0,571.0,277.0,0.6513549089431763,0,bicycle
129.0,386.0,183.0,501.0,0.531209409236908,0,bicycle
330.0,69.0,439.0,141.0,0.3775406777858734,0,bicycle
