x1,y1,x2,y2,confidence,class_id,class_name
405.0,156.0,504.0,279.0,0.7981867790222168,0,bicycle
149.0,361.0,227.0,486.0,0.7057850360870361,0,bicycle
170.0,370.0,239.0,486.0,0.6791787147521973,0,bicycle
521.0,359.0,592.0,454.0,0.6513549089431763,0,bicycle
412.0,360.0,481.0,474.0,0.5926666259765625,0,bicycle
225.0,136.0,284.0,250.0,0.46879062056541443,0,bicycle
246.0,367.0,310.0,491.0,0.46879062056541443,0,bicycle
370.0,109.0,475.0,188.0,0.4073334038257599,0,bicycle
471.0,147.0,556.0,212.0,0.3775406777858734,0,bicycle
